Word	Count
။	570
ပါ	154
ကလေး	151
ကြ	134
ရ	111
ကြည့်	106
ကို	100
တွေ	92
နေ	85
မ	77
၊	73
သည်	72
က	72
မယ်	71
(	68
)	62
လာ	62
ရေး	60
တို့	51
များ	49
မှာ	49
ကာရယ်	46
ကြီး	46
တယ်	45
အောင်	45
လား	44
ပြော	41
နဲ့	40
သလဲ	34
စို့	34
တဲ့	31
ဘာ	30
လို့	29
၏	28
အမည်	28
ရွတ်ဆို	27
ရုပ်ပုံ	26
ဆို	25
တာ	25
ထဲ	23
ပေး	23
စား	23
သလား	23
ထား	22
သွား	22
စေ	21
ကစား	20
___	20
တော့	20
၁	19
ကဗျာ	19
ရှိ	18
မည်	17
လဲ	17
လူ	17
ဝ	17
၂	17
ဗျည်း	16
စာ	16
ယူ	16
ယုန်	16
ပြီး	16
သာ	16
၃	16
တစ်	16
ဖတ်	15
သား	15
ကွယ်	15
ထောက်	15
စကား	14
စာလုံး	14
သင်ကြား	14
ဘယ်	13
၄	13
ရွေး	13
လည်း	13
လုပ်	13
ဟာ	13
အား	13
၍	13
သရ	13
လိုက်	12
စရာ	12
အမှန်	12
သတဲ့	12
ရေ	12
စကားလုံး	12
အသံ	12
ကြောင်	12
သူ	12
စီ	12
""""	11
ပြီ	11
တွဲ	11
ငါး	11
ဆရာမ	11
ဖြစ်	11
လ	11
မိုး	11
နိုင်	10
ရဲ့	10
အခါ	10
ရော	10
မိသားစု	10
တူ	10
လေး	10
လေ	10
မြွေ	10
တင်	10
ပွဲ	10
အ	10
/	10
စပါး	10
ကောင်	10
ခွေး	10
သုံး	10
ဖို့	9
ရှာ	9
သိ	9
ခဲ့	9
ည	9
ကြွက်	9
အဲဒီ	9
၌	9
တွေ့	9
၅	9
ပြန်	9
ပေါ်	9
ခြင်္သေ့	9
တော	9
အိုး	9
ထွက်	9
ဂူ	9
ဒီ	9
ပန်း	9
ဆွဲ	9
ဆင်	9
ချစ်	8
နှစ်	8
မှ	8
ပြည်	8
စလုံး	8
ဤ	8
ရယ်	8
ဖေဖေ	8
ဘယ်လို	8
ပဲ	8
သူငယ်ချင်း	8
ဘူး	7
ဖူး	7
မြေ	7
ရင်	7
လုံး	7
မျဉ်းသား	7
ပေ	7
သံတူ	7
စ	7
ထ	7
ဆရာ	7
စီး	7
အို	7
ကြွေ	7
ကိုယ်	7
ပြေး	7
ငှက်ပျောသီး	7
သမီး	7
ချွေး	7
မေမေ	7
ပူ	7
ဆီ	7
မှတ်	7
ဟ	7
ဝယ်	7
နာမည်	7
အမူအရာ	7
ရွာ	7
နား	6
လေ့ကျင့်	6
ကြာ	6
ပင်	6
မင်္ဂလာ	6
အေး	6
နောက်	6
ရှဉ့်	6
ပျော်	6
ပုံ	6
ပညာ	6
မျောက်	6
ဖိုးသာထူး	6
လှေ	6
ဘဲ	6
ချင်	6
ဒရယ်	6
ခေါ်	6
ချို	6
ရွှေ	6
ကြောင့်	6
မီးရထား	6
ပါး	6
မော	6
မိဘ	6
အသား	6
ကြက်	6
ဖိုး	6
တုန်း	6
ဆ	6
ဗျည်းတွဲ	6
ခ	6
ကဲ	6
မီး	6
မျှော့	6
အသီး	6
သို့	6
ဖြည့်	5
လမ်း	5
မွှေး	5
ဩဇာသီး	5
မိတ်ဆက်	5
လျှာ	5
လှေ့	5
ငန်း	5
ဝက်ဝံ	5
ကူညီ	5
ဈေး	5
ချွေတာ	5
ကျ	5
ထိုး	5
တော်	5
လက္ခဏာ	5
လျှော်	5
ဟန်	5
သူ့	5
ကျွေး	5
လယ်တဲ	5
ပေါ	5
မျှော်	5
ပွဲတော်	5
ကျား	5
ပ	5
ဒါ	5
ငွေ	5
ဟု	5
ဆု	5
ရထား	5
ပဝါ	5
အတူတူ	5
ရိုသေ	5
လွှ	5
ဘုရား	5
ဝါး	5
ရေကန်	5
အဲဒါ	5
ယ	5
စားစရာ	5
နွား	5
နေရာ	5
လွှတ်	5
ခွေ	5
ပြ	5
ပြု	4
ဝါဝါ	4
ဖရဲသီး	4
နယ်	4
နည်း	4
ယာ	4
ကောက်	4
စဉ်းစား	4
လင်္ကာ	4
ပိုး	4
အလှူ	4
ရွတ်ဖတ်	4
ပုံပြင်	4
ထီး	4
တောင်	4
ကျွန်တော့်	4
ညီညီ	4
အတန်း	4
ဘိုးဘိုး	4
ဆီးသီး	4
လှည်း	4
ကိုယ့်	4
အနားယူ	4
ကွဲ့	4
ခရီး	4
သ	4
အားကိုး	4
စု	4
အစားအစာ	4
ဆီမီး	4
အော်	4
တရား	4
ညီညီညာညာ	4
အနား	4
ကျွဲ	4
မျှော	4
လွှား	4
ဝင်	4
နေ့	4
မေး	4
ပွင့်	4
ကာ	4
ရာ	4
ပထမ	4
ကျောင်း	4
အန်	4
ကန်	4
ခြစ်	4
သာယာ	4
အံ	4
င	4
နှင့်	4
နွှဲ	4
ညီလေး	4
...	4
ပလွေ	4
အတူတကွ	4
ဦးဦး	4
အကောင်	4
နွှဲပျော်	4
ခြွေ	4
နာ	4
ဖမ်း	4
ခရေ	4
လျှော	4
ခဲတံ	4
ကမ်း	4
မြှူ	4
မော်	4
လွှဲ	4
တိုး	4
ကြား	4
နဂါး	3
ဖလား	3
ကစားစရာ	3
သနား	3
အနီး	3
အာ	3
စို	3
သတိ	3
အစာ	3
ယှဉ်တွဲ	3
နာရီ	3
အီ	3
အိ	3
ကား	3
လန့်	3
သတိရ	3
နီး	3
-န်း	3
ဆေး	3
မျှ	3
လျှော့	3
တို	3
သိုး	3
မို့	3
မြှေး	3
ခို	3
ငါးမျှားတံ	3
လျှော်စည်း	3
-	3
)___	3
သီး	3
ညီမျှ	3
ခရမ်းသီး	3
ပန်းကန်	3
သံ	3
မျှမျှတတ	3
ချော့မြှူ	3
ပန်	3
-မ်း	3
ရာသီ	3
မိမိ	3
တွယ်	3
တဖွဲဖွဲ	3
ငှဲ့	3
ရှူဆေး	3
မှီး	3
မှား	3
ငှား	3
ငှ	3
ပွေ့ချီ	3
ထွား	3
ပါ့	3
ကွဲ	3
ပင့်	3
ခွေ့	3
ချွဲ	3
ကျွဲကောသီး	3
ကျန်းမာ	3
မြေဖြူ	3
ပြေ	3
ကျေ	3
ကျွဲနွား	3
ရစ်	3
-မ်	3
-န်	3
နီ	3
အံ့	3
အတွက်	3
မွှေးကြူ	3
ဆက်	3
ပေါ့	3
စံပယ်ပန်း	3
ရောက်	3
ယောက်	3
ငယ်	3
လယ်သမား	3
လူငယ်	3
အဲ	3
လေးစား	3
ဝေး	3
ယနေ့	3
အားပေး	3
မေမေ့	3
ရေကူး	3
ဦး	3
အာလူး	3
ငုဝါ	3
အူ	3
အော့	3
ဪ	3
ကော	3
ကော်ဖီ	3
အန့်	3
စံပယ်	3
စံပယ်ပွင့်	3
မိ	3
တောင်းပန်	3
ရယ်မော	3
ပူဇော်	3
လယ်တော	3
ဆော့	3
ဘောလုံး	3
ကော့	3
သော့	3
ရဲဘော်	3
ရွှေ့	3
မော့	3
မြွှာ	3
ဖော်	3
ဖော့	3
ဖော	3
အမြွှာ	3
အန်း	3
ပိ	3
ညီ	3
ပျဉ်းမနား	3
ရှေ့	3
ရဲရဲဝံ့ဝံ့	3
ပြာ	3
ခန်း	3
ဆာ	3
ကောင်း	3
ထမင်း	3
မမ	3
မောင်	3
ဂီတာ	3
အဘိုး	3
စိုး	3
ခွဲခြား	3
ဗလ	3
လို	3
အားလုံး	3
ကြိုးစား	3
အမှား	3
ဂ	3
အက	3
အပျော်	3
စိတ်ဆိုး	3
ဦးလေး	3
မှန်	3
ဒေါ်ဒေါ်	3
မောင်နီသင်း	3
ဆရာ့	3
တဲ	3
ပျော်ပျော်ရွှင်ရွှင်	3
န	3
အချင်းချင်း	3
ဦး	3
တန်း	3
ထင်	3
ကိုး	3
ဒ	3
ဖို	2
လျှို	2
လျှို့	2
ပေါင်းစပ်	2
ခိုး	2
လျှိုး	2
ရိုးရိုးသားသား	2
မီးလျှံ	2
သပြေသီး	2
အခမ်းအနား	2
ဝါ	2
ခရေပန်း	2
တေးသံ	2
အလံတော်	2
စည်းကမ်း	2
အကြွေး	2
ခူး	2
ကုံး	2
လူး	2
သို	2
၆	2
မီးဖို	2
မျှား	2
ကျွေးမွေး	2
ရဲ	2
ငို	2
နို့စို့	2
ပုဆိုး	2
တတ်	2
ကိုယ်ကာယ	2
ထမနဲ	2
ဆီးယို	2
မိုးခို	2
မို	2
မလေး	2
နို့	2
မုဆိုး	2
အိုးစည်	2
ဘွားဘွား	2
မိုးယို	2
အောက်	2
ထို	2
ဆား	2
အကြောင်း	2
မောပန်း	2
ရေနံ	2
အခန်း	2
ဇော်က	2
ညနေခင်း	2
လယ်	2
ဆင်း	2
ဆယ်	2
တိရစ္ဆာန်	2
ချီးမြှင့်	2
ခွဲဝေ	2
လွန်း	2
ဒါပေမဲ့	2
အချိန်	2
တက်	2
ငါတို့	2
ပေါ့ပေါ့ပါးပါး	2
ခါးကော့	2
လွှာ	2
လျှော့ဈေး	2
တ	2
အဖော်	2
ဇာနည်	2
သာဓု	2
ဒေါသ	2
တမာ	2
ဆရာတော်	2
မွှေ	2
မွှေ့	2
စားတော်ပဲ	2
ဥဩ	2
ဖော့ဘူး	2
တယော	2
မော်တော်ကား	2
အမ်	2
အမ့်	2
အမ်း	2
စခန်း	2
ဆေးတံ	2
ဝါးထရံ	2
လျှောကျ	2
မျှော်မှန်း	2
ထန်းသီး	2
နက်	2
ဂဏန်း	2
ပန်ကာ	2
ငါးမန်း	2
ကံ့ကော်ပန်း	2
ဖြေလျှော့	2
ရေလျှံ	2
ငန့်	2
ငန်	2
ခမ်း	2
အရသာ	2
ခန့်	2
ကမ်	2
ကန်း	2
ကန့်	2
ညံ့	2
ညံ	2
နန်း	2
နန့်	2
ငံ့	2
အာဟာရ	2
ငချိပ်ပေါင်း	2
-မ့်	2
-န့်	2
ကြိုက်	2
ကျီး	2
မည်း	2
သခွားသီး	2
လှေး	2
ရှား	2
ရှ	2
ရှူး	2
ရှူ	2
ရှု	2
ငှာ	2
ငါ့	2
ကွက်လပ်	2
နွေးနွေးထွေးထွေး	2
ယုယုယယ	2
ကျွန်တော်	2
စွာ	2
ပျော်မွေ့	2
ဖော်ဖော်ရွေရွေ	2
တွဲ့	2
ခွဲခွဲခြားခြား	2
လူစု	2
ဆောင်ရွက်	2
ကန်တော့	2
ဖြူဖြူဖွေးဖွေး	2
ခွဲခွာ	2
နော်	2
မွေးဖွား	2
ပုလဲသွယ်	2
ရေနွေး	2
ငွေကြေး	2
လည်ဆွဲ	2
အဘွားအို	2
အနွေးထည်	2
မှို	2
မှို့	2
မှီ	2
ထမ်း	2
လေ့	2
ရွာသား	2
ငဲ့	2
မှု	2
ပျား	2
ကြာဆစ်ကြိုး	2
မြင်	2
ရေနွေးကြမ်း	2
အဆာပြေ	2
နှာစေး	2
အအေးမိ	2
မှေး	2
လှ	2
စည်ကား	2
အရှေ့	2
လှလှပပ	2
အညှာ	2
နှေးကွေး	2
လှေလှော်	2
ဓားရှ	2
ရောနှော	2
သားလှီးဓား	2
လှေကား	2
လှံတံ	2
စပါးနှံ	2
ဟို	2
နှဲ	2
ငှက်ပျောခိုင်	2
ရှို့	2
ကျေးရွာ	2
ချိုချိုသာသာ	2
ကြောက်	2
ပြဲ	2
ကြွားဝါ	2
ကျေးဇူး	2
ကျီးကန်း	2
ဖျာ	2
ကြိုးကြာ	2
ကြယ်	2
မြေပဲ	2
အကြွေ	2
ချွဲကျိ	2
ကြွေကရား	2
ကျော်	2
ကျော့	2
ကျော	2
ပြယ်	2
ကျယ်	2
ယဉ်ယဉ်ကျေးကျေး	2
ကြွေးကြော်	2
ခြွေလှေ့	2
ကျေး	2
ပြူး	2
ပြူ	2
ကျူး	2
ကျူ	2
မွေး	2
ကျီ	2
ပြား	2
ရှင့်	2
မင်းသုဝဏ်	2
သတိထား	2
ချုံ	2
ပြီးစီး	2
ဖြေကြား	2
ချီးကျူး	2
စပါးကျီ	2
ကွေး	2
ကွေ့	2
ကွေ	2
ကြွ	2
ခွာ	2
ခွ	2
ကွာ	2
ကွ	2
ယဉ်ကျေး	2
ချွေ	2
ဧည့်	2
ကြံသကာ	2
ကြွေး	2
ကြံ	2
ခြံ	2
အသုံး	2
ခဲ	2
အတူ	2
ဝဖြိုး	2
အစာကြေ	2
ပျားရည်	2
ငိုကြွေး	2
ရောဂါ	2
အဖျား	2
ကျဲကျဲ	2
ကြွယ်ဝ	2
ကြံစည်	2
ကျွမ်းဘား	2
မြို့တော်	2
ရွှဲ	2
တောအုပ်	2
ထူး	2
မဲ့	2
ရဲသား	2
အယ်	2
အဲ့	2
ဧရာဝတီ	2
ညီအစ်ကို	2
ဟုတ်	2
ခေါင်း	2
ဖြေ	2
ညာ	2
ပြောင်း	2
အလံ	2
ခြောက်	2
ခဏ	2
ငေး	2
တူတူရေဝါး	2
နိုင်ငံတော်	2
ဆုတောင်း	2
ပေးစာ	2
ကြို	2
အက္ခရာ	2
ရေခဲ	2
ရေဘဝဲ	2
စော	2
လယ်ယာ	2
မှီဝဲ	2
လွှမ်းခြုံ	2
ခြုံ	2
နံ့	2
ကုလား	2
အမဲသား	2
ကာကွယ်	2
ကိုကို	2
ကျန်	2
ထူ	2
နုနယ်	2
ဝဲ	2
အလယ်	2
ဘ	2
ညီမလေး	2
ဆေးဆရာ	2
သီချင်း	2
ပြေးလွှား	2
အု	2
ပီပီသသ	2
ပူး	2
ပု	2
မီးပူ	2
စာဥ	2
ထိမိ	2
အူး	2
အနီ	2
အဝါ	2
ရေဘူး	2
ညီညီစီ	2
ချောင်းငင်	2
ရပ်	2
ဖက်	2
အရီး	2
အဆီ	2
ပြိုင်ပွဲ	2
မြန်မာ	2
စာကူး	2
ဆုယူ	2
ဖိုးဝရုပ်	2
တူရိယာ	2
အေ့	2
ဘဘ	2
ပေါင်း	2
အမိမြေ	2
ခါ	2
လု	2
ခါး	2
ပြည်ထောင်စု	2
အမွေ	2
ရာသီဥတု	2
အီး	2
ညို	2
သပြေ	2
ဖားစည်	2
ဝက်	2
ဥ	2
မီးနီ	2
မြန်မြန်	2
အလကား	2
လွှဲဖယ်	2
သန်မာ	2
နံ့သာ	2
နွေ	2
ဩ	2
ပျံလွှား	2
ပျော်ရွှင်	2
ကျော်လွှား	2
ဝါဒ	2
‌	2
လွှမ်းမိုး	2
အော	2
ဟိန်းဟောက်	2
ဈ	2
အမေ	2
နွေး	2
လမ်းလွှဲ	2
အသေးအမွှား	2
ကော်	2
အရေး	2
ခေါ	2
ငါ	2
ဒေါ	2
ခု	2
လိပ်ပြာ	2
တခြား	2
ဓ	2
ဘော်	2
ဓနိ	2
ထိုင်	2
ဘော	2
ဇော်	2
ဖား	2
အရိုး	2
ချွေးတရွှဲရွှဲ	2
ဇော	2
ရန်	2
မုန်လာဥ	2
ေ-	2
ဆန်းသစ်	2
ချ	2
ဖ	2
လွှသမား	2
မင်း	2
အရှင်	2
သစ်ပင်	2
ဗ	2
ပျံ	2
သစ်သီး	2
အလွန်	2
ဖရုံယို	2
ဆည်းကပ်	1
အေဂျင်စီ	1
ခင်ဗျာ	1
တည်တံ့	1
ဖြူ	1
အရှည်	1
အကျွေးအမွေး	1
ကမ္ဘာ့	1
အားကစား	1
အလှူပွဲ	1
မှန်း	1
ကြာငုံ	1
ရရစ်ဝဆွဲဟထိုး	1
အမြဲ	1
ထုံထုံမွှေး	1
အဝ	1
ဒဂုန်ဦးထွန်းမြင့်	1
ခြွေး	1
ဂျပန်	1
ဖြူစင်	1
မိုက်	1
ဘိုးဘွား	1
နည်းပညာ	1
စည်း	1
သစ်ရွက်	1
ခူယားကောင်	1
ရှေးရှေးတုန်း	1
နိုင်ငံတကာ	1
ကမ္ဘာ	1
ပူးပေါင်း	1
ဗဒုန်း	1
ယပင့်ဝဆွဲ	1
ထိန်းသိမ်း	1
ဉာဏ်စွမ်း	1
ရှောင်သွေ	1
ကင်း	1
ချိုး	1
အဓိဋ္ဌာန်	1
ရရစ်ဝဆွဲ	1
ယပင့်ဟထိုး	1
ကြာပွင့်	1
လျှင်	1
အားထား	1
ကြိမ်	1
ခွင့်တူ	1
ကြိုး	1
၇	1
=	1
သဘောကျ	1
ခြင်	1
ဘုရင်	1
ဝန်ကြီးဌာန	1
နှော	1
ယပင့်ဝဆွဲဟထိုး	1
ကောက်စိုက်	1
ကြာရိုး	1
အရွယ်	1
ကြာနွယ်	1
ကြာဆစ်	1
+	1
အကောင်အထည်ဖော်	1
ဆစ်	1
ကျေနပ်	1
သေ့	1
ဝဆွဲဟထိုး	1
အပြန်	1
စိတ်	1
မယ့်	1
နိုင်ငံ	1
ငြိမ်းချမ်း	1
ရတနာ	1
ခွင့်လွှတ်	1
ကြွား	1
အားရပါးရ	1
ဗုဒ္ဓ	1
ချက်	1
ခပ်သိမ်း	1
ကြွာ	1
တွေး	1
သွေ	1
ဆက်ဆံ	1
ခြင်း	1
ရရစ်ဟထိုး	1
လွတ်လပ်	1
တရားမျှတ	1
အမွေးအမျှင်	1
ဦ	1
အကြီးကြီး	1
ချမ်းသာ	1
လောက်	1
ဆရာသမား	1
ဧ	1
တွင်	1
ရွှေး	1
စစ်	1
ဇ	1
ကစားပွဲ	1
မေးဖန်များ	1
သဘော	1
မေ	1
သော်လည်း	1
ဆူး	1
ဆော်ဩ	1
စပါးရွှေဝါ	1
နွှာ	1
အနာ	1
စိုရွှဲ	1
ဆယ်ယူ	1
မူး	1
ဆွဲကြိုး	1
မူ	1
၁၂	1
မဲ	1
မည့်	1
မှာကြား	1
ရွာလူကြီး	1
ရိုးရာ	1
စူ	1
ချော့မြူ	1
စူး	1
မြွေဆေး	1
မွေးကြူ	1
လွမ်း	1
မြား	1
စေ့	1
စေး	1
ရွေဆွဲကြိုး	1
ရွှေဆွဲကြိုး	1
နွဲပျော်	1
မီ	1
မလား	1
မြတ်နိုး	1
ငါးမျှား	1
တီး	1
တု	1
တူး	1
တေ	1
ပဲ့	1
ပဲလှော်	1
ပီ	1
တေ့	1
နှီးဖြာ	1
နွေးထွေး	1
တေး	1
တောလမ်း	1
နဲ	1
ထု	1
ထီ	1
တီတီတာတာ	1
ပန်းပန်	1
ဟောတိ	1
အနှီး	1
ညီညီမျှမျှ	1
ဈေးလျှော့	1
လျှံ	1
မျော	1
ညီး	1
ညှာတာ	1
ဘဘထ	1
ပယ်	1
ဖျဲ	1
ဖဲစ	1
ဖေးမ	1
သေး	1
အသီးနွှာ	1
ပျော်နေ	1
စာပို့	1
လသာသာ	1
လျှောစီး	1
လူကလေး	1
အနီးအနား	1
အစာနွှေး	1
သယ်သွား	1
အများ	1
တာဝန်	1
သည်း	1
အဖိုးတန်	1
ထိ	1
ဣ	1
သည့်	1
သဲ	1
ဒို့	1
ကု	1
ကြွေပန်းအိုး	1
ကူး	1
ခြွေချ	1
ထမ်းဆောင်	1
ပြုစု	1
ပိုင်နက်	1
အသက်	1
ဟထိုး	1
အဘ	1
ဝဆွဲ	1
ရရစ်	1
ယပင့်	1
အဖော်ရ	1
ဦ	1
အယ့်	1
အကျိုး	1
ညီညာ	1
‌အေ	1
ထည့်	1
တစ်တွေ	1
ကြွားကြွားဝါဝါ	1
ရောထွေး	1
ကဲ့	1
လွယ်ကူ	1
လျှော့စီး	1
ခူ	1
ခြေ	1
လျှော့ကျ	1
စိတ်ဝင်စား	1
လှဲ	1
ဂေါ်ပြား	1
ဝေ	1
လဲ့	1
ပတ်ဝန်းကျင်	1
အမွှာ	1
စကားထာ	1
လူရွယ်	1
လူတော်	1
ကျဲ	1
ဖွယ်	1
ကျွေ	1
ရောင်ခြည်	1
ကော်ကော်	1
သင်္ကေတ	1
ဝဲဝဲ့	1
မိတ်ဆွေ	1
ကော်ဘူး	1
ဖွေး	1
မိုးတိမ်	1
နားထောင်	1
ငှက်	1
သင်း	1
ဝင်း	1
ကယ်	1
ဝေ့	1
ကျီစားသန်	1
ရင်းရင်းနှီးနှီး	1
တရားဟော	1
ဖြာ	1
တဂျုတ်ဂျုတ်	1
ဝါးလက်ခုပ်	1
သတင်းစာ	1
သရက်သီး	1
ရီ	1
ဟင်္သာ	1
ဟင်း	1
တိုင်းပြည်	1
အမှိုက်ပုံး	1
အရုပ်	1
တလှုပ်လှုပ်	1
လိပ်	1
ဆုတ်	1
ရှန်တိန်	1
လိုက်သူ	1
ရထားထိန်း	1
လှုပ်	1
စိမ်း	1
ယိမ်း	1
အင်ဂျင်	1
ဝိုင်းစက်	1
ဝတုတ်တုတ်	1
လေယာဥ်ပျံ	1
အစ်ကို	1
မြူး	1
ပေါက်	1
ခုနစ်	1
ရှစ်	1
တပည့်	1
တစ်ဆယ်	1
မာလာ	1
ငုံ	1
ယှက်	1
ကျေးငှက်	1
မသိ	1
ထိန်ထိန်သာ	1
ရှေး	1
ယမင်းခင်	1
ကကြိုး	1
ယပက်လက်	1
ယမင်း	1
ရုပ်	1
ယက်	1
ရဟတ်	1
ယာဉ်	1
မျက်နှာ	1
အကြီးဆုံး	1
နှီး	1
ခြောက်သွေ့	1
မိတ်ဖွဲ့	1
သမင်	1
အဖတ်	1
ဆောင်း	1
ယှဉ်	1
အိုက်	1
စိုက်	1
ချမ်း	1
နှင်း	1
လှုံ	1
အထိ	1
စွတ်	1
လှည့်	1
ဝတ်ဆံထိုး	1
သဝေထိုး	1
ရွက်	1
မျက်ဆန်ခတ်	1
ဆန်	1
ခတ်	1
မောက်ချ	1
ပြည့်စုံ	1
ဗျည်းကလေး	1
ဂျုန်းဂျုန်းဂျက်ဂျက်	1
ဌ	1
ညီမငယ်	1
သဖွယ်	1
ချိတ်	1
ဇဝန	1
သော	1
ဃ	1
မျဉ်းဆွဲ	1
ဋ	1
သန်လျင်းချိတ်	1
ဝမ်းဘဲ	1
ကကြီး	1
ဍ	1
ရင်ကောက်	1
ဎ	1
ရေမှုတ်	1
ဏ	1
ဠ	1
အဖတ်အရွတ်	1
ဇယား	1
ရှေ့ဆုံး	1
ချင်း	1
မီးပုံးပျံ	1
မောင်း	1
ပီပီသသရွတ်ဆို	1
ပစ္စည်း	1
ဇနီး	1
စောစောစီးစီး	1
ဗိုက်	1
ဆီဆမ်း	1
ဆင့်	1
စင်ပေါ်	1
တက္ကသိုလ်	1
မြတ်	1
အကွက်	1
ကျွန်မ	1
ဗျည်းသံ	1
ရွေးချယ်	1
ကလေးငယ်	1
စဖွယ်	1
ပြုံး	1
ခမောက်	1
ု	1
သင်	1
ပြုံးရွှင်ရွှင်	1
သီ	1
ခင်ဗျ	1
ဘီး	1
အများဆုံး	1
ချိုချို	1
ဟေ့	1
မောင်စ	1
အင်း	1
မောင်ဘ	1
မောင်မြ	1
မောင်လှ	1
နည်းနည်း	1
အရေအတွက်	1
အမြဲတမ်း	1
အုံး	1
အပြင်	1
ခွင့်ပြု	1
x	1
စာအုပ်	1
စမ်း	1
မုန့်	1
အပြုံး	1
နှုတ်ဆက်	1
ဒေါ်ဆွေဆွေ	1
ဂငယ်	1
ဂဠုန်	1
ငရုတ်သီး	1
စောက်	1
ဓအောက်ခြိုက်	1
ဓား	1
ဓာတ်ခဲ	1
နဖူးပြင်	1
နငယ်	1
နဖူး	1
နာနတ်သီး	1
ပလွေမှုတ်	1
ဖိုးတုတ်	1
ပေတံ	1
တောင်တန်း	1
ဖဦးထုပ်	1
ဖိနပ်	1
ဆင်ပြောင်	1
ဗထက်ခြိုက်	1
ဗေဒါ	1
ဗုံ	1
ဘဘိုးအို	1
ဆီး	1
ဘကုန်း	1
ပင်လယ်	1
ဒူးရင်းသီး	1
ဒေါင်း	1
ဒထွေး	1
ဆလိမ်	1
ခပ်	1
ညောင်ပင်	1
တံ	1
ဝင့်	1
ချီ	1
နေခြည်	1
ရွှေရည်လောင်း	1
စာသင်ကျောင်း	1
အဝင်	1
တဝမ်းပူ	1
တမာပင်	1
တိမ်	1
လက်	1
ဆုံ	1
ထဆင်ထူး	1
ထန်းပင်	1
ထိုင်ခုံ	1
မျိုးစုံ	1
သမျှ	1
ဝိုက်	1
အထူး	1
သပြေသီးကောက်	1
ယို့	1
ယိုး	1
ပို့	1
ရိုးသား	1
နိုး	1
ရိုရိုသေသေ	1
တိုးတိုး	1
သာသာယာယာ	1
အဘိုးအို	1
ဝါခေါင်	1
ထို့	1
မှည့်	1
ခရာ	1
ဆူးချုံ	1
အထဲ	1
ပေါင်	1
အုန်းလက်	1
ဂျို	1
ကျကျာ	1
ကျိ	1
ယို	1
ခို့	1
သေသေချာချာ	1
သန်သန်မာမာ	1
နန်	1
ပန့်	1
ကမ့်	1
ခန်	1
ခမ်	1
ခမ့်	1
လမ်	1
လမ့်	1
ကမ့်	1
ဆူညံ	1
ကို့	1
အံ့ဩ	1
ပထမတန်း	1
တလူလူ	1
အို့	1
ို	1
ို့	1
ိုး	1
-ယ်	1
-ယ့်	1
ပြိ	1
ကျု	1
ကျေ့	1
ဖြူဖွေး	1
သွ	1
သွာ	1
လူငယ်လူရွယ်	1
လွယ်လွယ်ကူကူ	1
နွေဦး	1
ပလွေသံ	1
အဝေး	1
မွေးမြူ	1
မယ်ငွေ	1
ရိုး	1
ပြေ့	1
သန့်	1
လှီ	1
လှီး	1
မှိုး	1
ရှို	1
ရှိုး	1
လှော်	1
ရှာမှီး	1
ညှာ	1
‌ခွေး	1
ခွား	1
ကွား	1
ကျာ)	1
ကျဲကျဲ့	1
ပြဲ့	1
ပြော့	1
်	1
မြမြားပျပျား	1
ကြာဖူး	1
ပျံသန်း	1
များပြား	1
ကျယ်ကျယ်	1
သောအခါ	1
ခြေရာ	1
မေးဖန်	1
ပျော်ပျော်	1
သေ	1
ကျီစား	1
သန်	1
ကျံ)	1
ခြို)	1
‌ရေ	1
ငံ	1
အောက်ကမြစ်	1
ညီမ	1
သယ်	1
အရေးအသား	1
အလေးထား	1
အေးအေး	1
မာ	1
ဖေဖေ့	1
မေ့	1
ဖေး	1
သယ်ယူ	1
ငယ်ငယ်	1
ရဲရဲနီ	1
နေ့အခါ	1
ရယ်နီ	1
ရယ့်နီ	1
လယ်တဲ့	1
လယ်တယ်	1
ဘဲ့	1
လဲ့ယာ	1
ဒရဲ့	1
ဒရဲ	1
တကယ့်	1
တီ	1
‌‌	1
ဆီက	1
ဘုရားဖူး	1
မထိရ	1
ဆရာမိဘ	1
ခြေထောက်	1
ပြေးပွဲ	1
ရင်း	1
ပစ်	1
ခဏခဏ	1
ဘူးသီး	1
တူထု	1
အတုယူ	1
အေ	1
သာထူး	1
စုဘူး	1
ဝမ်းပူပူ	1
ဖိုးဝ	1
သကွဲ့	1
ယုံ	1
ငြား	1
သည်မှာ	1
မောင်ဖြူး	1
ပေါင်းစုံ	1
မြက်ခင်း	1
စိမ်းစိမ်း	1
ဆောကစား	1
စောစော	1
ရယ်ရယ်မောမော	1
တော်တော်	1
အော်ဇာသီး	1
အောဇာသီး	1
သော့်	1
သော်	1
ဆော့်ကစား	1
ဆော့ကစား	1
ကော့ဖီ	1
အဆင်ပြေ	1
ကောဖီ	1
ဘော်လုံး	1
ဘော့လုံး	1
ကနဖော့	1
ဇော်ဇော်	1
တကယ်	1
သေးသေးတင်	1
ဝစ္စနှစ်လုံးပေါက်	1
အောက်နား	1
ဟော	1
မော့ထား	1
ပေါ့ပါး	1
ကော်ဇော	1
ကလေးစား	1
မြက်ပင်	1
သစ်တော	1
ဖြတ်	1
ဝမ်းသာ	1
ပျော်ပျော်ပါးပါး	1
ခုန်	1
အကူအညီ	1
ာ	1
‌ေ-	1
ာ့‌‌	1
ာ်	1
ခေါ့	1
ဇော့	1
ဘော့	1
ဒေါ့	1
ဒေါ်	1
ရော့	1
ရော်	1
ပံ့ပိုး	1
